Type,Level,n,mean_rate,median_rate,sd_rate,var_rate,min_rate,max_rate,range_rate,Q1,Q3,IQR
Attendance,High School,6,96.40718714333333,96.61735153000001,0.5829833799522612,0.33986962130056264,95.28336334,96.8380127,1.554649359999999,96.370285035,96.75367354999999,0.38338851499999294
Attendance,Middle School,6,97.70024871833334,98.13424301,0.9663795566241772,0.9338894474611413,95.80013275,98.31643677,2.5163040199999926,97.7181110375,98.211338045,0.4932270075000105
Attendance,Primary School,6,97.17904281666667,97.82430267500001,1.315506966796413,1.7305585796898988,94.63588715,98.02867126,3.392784109999994,97.08902549499999,97.8939456975,0.8049202025000142
Enrollment,High School,11,94.96003653727273,95.21186066,2.1895928610187525,4.794316897024286,91.4364624,98.82067871,7.384216309999999,93.562397,96.326042175,2.7636451749999935
Enrollment,Middle School,11,99.18054684727272,99.18697357,0.6299180252804402,0.39679671857320925,97.76647186,99.82733154,2.060859680000007,98.84653473,99.69226456000001,0.8457298300000105
Enrollment,Primary School,11,98.21342468272726,98.19413757,1.3820343615591661,1.910018976530252,95.90487671,99.64002991,3.735153199999999,97.53813553,99.43029785,1.892162319999997
